id,activity_date,total_steps,total_distance,tracker_distance,logged_activities_distance,very_active_distance,moderately_active_distance,light_active_distance,sedentary_active_distance,very_active_minutes,fairly_active_minutes,lightly_active_minutes,sedentary_minutes,calories,weekday,total_active_minutes,calories_per_step,activity_level,distance_category
1503960366,2016-03-25,11004,7.1100001335144,7.1100001335144,0,2.5699999332428,0.46000000834465,4.07000017166138,0,33,12,205,804,1819,Friday,250,0.1653035259905489,Good Activity,Good Distance
1503960366,2016-03-26,17609,11.5500001907349,11.5500001907349,0,6.92000007629395,0.730000019073486,3.91000008583069,0,89,17,274,588,2154,Saturday,380,0.12232381168720541,High Activity,Long Distance
1503960366,2016-03-27,12736,8.52999973297119,8.52999973297119,0,4.65999984741211,0.159999996423721,3.71000003814697,0,56,5,268,605,1944,Sunday,329,0.15263819095477388,Good Activity,Long Distance
1503960366,2016-03-28,13231,8.93000030517578,8.93000030517578,0,3.19000005722046,0.790000021457672,4.94999980926514,0,39,20,224,1080,1932,Monday,283,0.14602070894112312,Good Activity,Long Distance
1503960366,2016-03-29,12041,7.84999990463257,7.84999990463257,0,2.16000008583069,1.0900000333786,4.6100001335144,0,28,28,243,763,1886,Tuesday,299,0.1566315090108795,Good Activity,Good Distance
1503960366,2016-03-30,10970,7.15999984741211,7.15999984741211,0,2.35999989509583,0.509999990463257,4.28999996185303,0,30,13,223,1174,1820,Wednesday,266,0.1659070191431176,Good Activity,Good Distance
1503960366,2016-03-31,12256,7.8600001335144,7.8600001335144,0,2.28999996185303,0.490000009536743,5.03999996185303,0,33,12,239,820,1889,Thursday,284,0.154128590078329,Good Activity,Good Distance
1503960366,2016-04-01,12262,7.86999988555908,7.86999988555908,0,3.3199999332428,0.829999983310699,3.64000010490417,0,47,21,200,866,1868,Friday,268,0.1523405643451313,Good Activity,Good Distance
1503960366,2016-04-02,11248,7.25,7.25,0,3,0.449999988079071,3.74000000953674,0,40,11,244,636,1843,Saturday,295,0.16385135135135134,Good Activity,Good Distance
1503960366,2016-04-03,10016,6.36999988555908,6.36999988555908,0,0.910000026226044,1.27999997138977,4.17999982833862,0,15,30,314,655,1850,Sunday,359,0.18470447284345048,Good Activity,Good Distance
1503960366,2016-04-04,14557,9.80000019073486,9.80000019073486,0,3.39000010490417,0.699999988079071,5.69000005722046,0,43,18,285,757,2030,Monday,346,0.13945181012571273,Good Activity,Long Distance
1503960366,2016-04-05,14844,9.72999954223633,9.72999954223633,0,2.94000005722046,0.759999990463257,6.03999996185303,0,36,18,341,736,2083,Tuesday,395,0.1403260576663972,Good Activity,Long Distance
1503960366,2016-04-06,11974,7.67000007629395,7.67000007629395,0,2.03999996185303,0.479999989271164,5.15000009536743,0,27,12,228,1173,1861,Wednesday,267,0.15542007683313847,Good Activity,Good Distance
1503960366,2016-04-07,10198,6.44000005722046,6.44000005722046,0,1.20000004768372,0.790000021457672,4.44999980926514,0,17,20,195,1208,1755,Thursday,232,0.17209256717003335,Good Activity,Good Distance
1503960366,2016-04-08,12521,7.94000005722046,7.94000005722046,0,3.30999994277954,0.899999976158142,3.74000000953674,0,46,22,212,1160,1895,Friday,280,0.1513457391582142,Good Activity,Good Distance
1503960366,2016-04-09,12432,8.10000038146973,8.10000038146973,0,2.58999991416931,0.589999973773956,4.92000007629395,0,32,15,248,738,1883,Saturday,295,0.15146396396396397,Good Activity,Long Distance
1503960366,2016-04-10,10057,6.98000001907349,6.98000001907349,0,4,0.490000009536743,2.48000001907349,0,44,13,168,737,1755,Sunday,225,0.17450531967783633,Good Activity,Good Distance
1503960366,2016-04-11,10990,7.26000022888184,7.26000022888184,0,2.03999996185303,0.569999992847443,4.65000009536743,0,26,14,216,855,1811,Monday,256,0.16478616924476797,Good Activity,Good Distance
1503960366,2016-04-12,224,0.140000000596046,0.140000000596046,0,0,0,0.129999995231628,0,0,0,9,32,50,Tuesday,9,0.22321428571428573,Low Activity,Short Distance
1624580081,2016-03-25,1810,1.17999994754791,1.17999994754791,0,0,0,1.12999999523163,0.00999999977648258,0,0,121,1319,1373,Friday,121,0.7585635359116022,Low Activity,Short Distance
1624580081,2016-03-26,815,0.529999971389771,0.529999971389771,0,0,0,0.529999971389771,0,0,0,47,1393,1264,Saturday,47,1.550920245398773,Low Activity,Short Distance
1624580081,2016-03-27,1985,1.28999996185303,1.28999996185303,0,0,0,1.27999997138977,0.00999999977648258,0,0,112,1328,1350,Sunday,112,0.6801007556675063,Low Activity,Short Distance
1624580081,2016-03-28,1905,1.24000000953674,1.24000000953674,0,0,0,1.24000000953674,0,0,0,95,1345,1342,Monday,95,0.7044619422572178,Low Activity,Short Distance
1624580081,2016-03-29,1552,1.00999999046326,1.00999999046326,0,0,0,1,0,0,0,66,1374,1300,Tuesday,66,0.8376288659793815,Low Activity,Short Distance
1624580081,2016-03-30,1675,1.0900000333786,1.0900000333786,0,0,0,1.0900000333786,0,0,0,84,1356,1313,Wednesday,84,0.7838805970149254,Low Activity,Short Distance
1624580081,2016-03-31,4506,2.9300000667572,2.9300000667572,0,0.509999990463257,0.270000010728836,2.15000009536743,0.00999999977648258,7,4,144,1285,1498,Thursday,155,0.3324456280514869,Low Activity,Moderate Distance
1624580081,2016-04-01,9218,5.98999977111816,5.98999977111816,0,0,0,5.96999979019165,0.00999999977648258,0,0,221,1219,1541,Friday,221,0.16717292254285093,Moderate Activity,Good Distance
1624580081,2016-04-02,1556,1.00999999046326,1.00999999046326,0,0,0,1.00999999046326,0.00999999977648258,0,0,88,1352,1327,Saturday,88,0.852827763496144,Low Activity,Short Distance
1624580081,2016-04-03,2910,1.88999998569489,1.88999998569489,0,0,0,1.87999999523163,0.00999999977648258,0,0,157,1283,1452,Sunday,157,0.49896907216494846,Low Activity,Short Distance
1624580081,2016-04-04,18464,12,12,0,0,0,12,0,0,0,270,1170,1574,Monday,270,0.0852469670710572,High Activity,Long Distance
1624580081,2016-04-05,1335,0.870000004768372,0.870000004768372,0,0,0,0.870000004768372,0,0,0,74,1366,1308,Tuesday,74,0.9797752808988764,Low Activity,Short Distance
1624580081,2016-04-06,1004,0.649999976158142,0.649999976158142,0,0,0,0.649999976158142,0,0,0,55,1385,1276,Wednesday,55,1.2709163346613546,Low Activity,Short Distance
1624580081,2016-04-07,1111,0.720000028610229,0.720000028610229,0,0,0,0.720000028610229,0,0,0,54,1386,1278,Thursday,54,1.1503150315031503,Low Activity,Short Distance
1624580081,2016-04-08,6344,4.11999988555908,4.11999988555908,0,0,0,4.09999990463257,0,0,0,143,1297,1409,Friday,143,0.22209962168978561,Moderate Activity,Moderate Distance
1624580081,2016-04-09,3572,2.3199999332428,2.3199999332428,0,0,0,2.28999996185303,0.0299999993294477,0,0,122,1318,1370,Saturday,122,0.38353863381858905,Low Activity,Moderate Distance
1624580081,2016-04-10,3910,2.53999996185303,2.53999996185303,0,0.469999998807907,0.25,1.80999994277954,0.00999999977648258,7,7,186,1240,1555,Sunday,200,0.3976982097186701,Low Activity,Moderate Distance
1624580081,2016-04-11,10000,6.5,6.5,0,0,0,6.5,0,0,0,172,1268,1469,Monday,172,0.1469,Good Activity,Good Distance
1624580081,2016-04-12,6627,4.30999994277954,4.30999994277954,0,0,0,4.30999994277954,0,0,0,89,604,706,Tuesday,89,0.10653387656556511,Moderate Activity,Moderate Distance
1644430081,2016-04-01,4636,3.41000008583069,3.41000008583069,0,0,0.779999971389771,2.59999990463257,0.0299999993294477,0,16,586,838,3323,Friday,602,0.7167817083692839,Low Activity,Moderate Distance
1644430081,2016-04-02,20237,14.710000038147,14.710000038147,0,2.5699999332428,6.40000009536743,5.73000001907349,0.00999999977648258,34,141,347,918,4029,Saturday,522,0.19909077432425754,High Activity,Long Distance
1644430081,2016-04-03,12912,9.40999984741211,9.40999984741211,0,4.82999992370605,0.769999980926514,3.78999996185303,0.0299999993294477,59,16,283,1082,3436,Sunday,358,0.2661090458488228,Good Activity,Long Distance
1644430081,2016-04-04,2819,2.04999995231628,2.04999995231628,0,0.310000002384186,0.170000001788139,1.55999994277954,0.00999999977648258,4,4,87,1345,2444,Monday,95,0.8669741042923023,Low Activity,Moderate Distance
1644430081,2016-04-05,9921,7.21000003814697,7.21000003814697,0,0.340000003576279,1.51999998092651,5.3600001335144,0,5,35,219,1181,3098,Tuesday,259,0.31226690857776435,Moderate Activity,Good Distance
1644430081,2016-04-06,8046,5.84999990463257,5.84999990463257,0,1.28999996185303,2.11999988555908,2.45000004768372,0,18,41,137,1244,2925,Wednesday,196,0.3635346756152125,Moderate Activity,Good Distance
1644430081,2016-04-07,11166,8.11999988555908,8.11999988555908,0,0.209999993443489,2.41000008583069,5.5,0,3,58,230,1149,3202,Thursday,291,0.28676338885903635,Good Activity,Long Distance
1644430081,2016-04-08,7842,5.69999980926514,5.69999980926514,0,0.479999989271164,2.41000008583069,2.80999994277954,0,7,43,161,1229,2928,Friday,211,0.37337413925019125,Moderate Activity,Good Distance
1644430081,2016-04-09,13840,10.0600004196167,10.0600004196167,0,1.30999994277954,3.72000002861023,5.03000020980835,0,18,81,192,1149,3290,Saturday,291,0.23771676300578035,Good Activity,Long Distance
1644430081,2016-04-10,1329,0.970000028610229,0.970000028610229,0,0,0,0.970000028610229,0,0,0,35,207,489,Sunday,35,0.36794582392776526,Low Activity,Short Distance
1844505072,2016-04-01,6847,4.53000020980835,4.53000020980835,0,0.610000014305115,0.370000004768372,3.54999995231628,0,9,9,251,1171,1969,Friday,269,0.28757119906528406,Moderate Activity,Moderate Distance
1844505072,2016-04-02,5367,3.54999995231628,3.54999995231628,0,0,0,3.54999995231628,0,0,0,263,1177,1889,Saturday,263,0.35196571641512947,Moderate Activity,Moderate Distance
1844505072,2016-04-03,2841,1.87999999523163,1.87999999523163,0,0,0,1.87999999523163,0,0,0,136,1114,1636,Sunday,136,0.575853572685674,Low Activity,Short Distance
1844505072,2016-04-04,0,0,0,0,0,0,0,0,0,0,0,669,1347,Monday,0,0,Low Activity,Short Distance
1844505072,2016-04-05,0,0,0,0,0,0,0,0,0,0,0,1440,1347,Tuesday,0,0,Low Activity,Short Distance
1844505072,2016-04-06,7,0,0,0,0,0,0,0,0,0,1,1439,1349,Wednesday,1,192.71428571428572,Low Activity,Short Distance
1844505072,2016-04-07,6344,4.19000005722046,4.19000005722046,0,0,0,4.19000005722046,0,0,0,290,1150,1965,Thursday,290,0.30974148802017654,Moderate Activity,Moderate Distance
1844505072,2016-04-08,5316,3.50999999046326,3.50999999046326,0,0,0,3.50999999046326,0,0,0,221,1219,1824,Friday,221,0.3431151241534989,Moderate Activity,Moderate Distance
1844505072,2016-04-09,4979,3.28999996185303,3.28999996185303,0,0,0,3.28999996185303,0,0,0,184,620,1807,Saturday,184,0.3629242819843342,Low Activity,Moderate Distance
1844505072,2016-04-10,6556,4.34000015258789,4.34000015258789,0,0,0,4.32999992370605,0,0,0,305,810,1971,Sunday,305,0.30064063453325196,Moderate Activity,Moderate Distance
1844505072,2016-04-11,5430,3.58999991416931,3.58999991416931,0,0,0,3.58999991416931,0,0,0,251,1189,1888,Monday,251,0.34769797421731125,Moderate Activity,Moderate Distance
1844505072,2016-04-12,0,0,0,0,0,0,0,0,0,0,0,426,399,Tuesday,0,0,Low Activity,Short Distance
1927972279,2016-04-01,4317,2.99000000953674,2.99000000953674,0,0,0.370000004768372,2.61999988555908,0,0,11,192,854,2590,Friday,203,0.5999536715311559,Low Activity,Moderate Distance
1927972279,2016-04-02,5662,3.92000007629395,3.92000007629395,0,0,0,3.92000007629395,0,0,0,267,858,2783,Saturday,267,0.4915224302366655,Moderate Activity,Moderate Distance
1927972279,2016-04-03,3198,2.21000003814697,2.21000003814697,0,0,0,2.21000003814697,0,0,0,146,1183,2449,Sunday,146,0.765791119449656,Low Activity,Moderate Distance
1927972279,2016-04-04,2352,1.62999999523163,1.62999999523163,0,0,0,1.62999999523163,0,0,0,128,829,2380,Monday,128,1.0119047619047619,Low Activity,Short Distance
1927972279,2016-04-05,2234,1.54999995231628,1.54999995231628,0,0,0,1.54999995231628,0,0,0,108,912,2344,Tuesday,108,1.0492390331244406,Low Activity,Short Distance
1927972279,2016-04-06,1259,0.870000004768372,0.870000004768372,0,0,0,0.870000004768372,0,0,0,73,938,2202,Wednesday,73,1.7490071485305798,Low Activity,Short Distance
1927972279,2016-04-07,768,0.529999971389771,0.529999971389771,0,0,0,0.529999971389771,0,0,0,43,1397,2130,Thursday,43,2.7734375,Low Activity,Short Distance
1927972279,2016-04-08,519,0.360000014305115,0.360000014305115,0,0,0,0.360000014305115,0,0,0,34,1406,2088,Friday,34,4.023121387283237,Low Activity,Short Distance
1927972279,2016-04-09,2523,1.75,1.75,0,0,0.370000004768372,1.37999999523163,0,0,9,134,1250,2443,Saturday,143,0.9682917162108601,Low Activity,Short Distance
1927972279,2016-04-10,2105,1.46000003814697,1.46000003814697,0,0,0,1.46000003814697,0,0,0,139,805,2442,Sunday,139,1.1600950118764846,Low Activity,Short Distance
1927972279,2016-04-11,1209,0.839999973773956,0.839999973773956,0,0,0,0.839999973773956,0,0,0,73,842,2255,Monday,73,1.8651778329197684,Low Activity,Short Distance
1927972279,2016-04-12,24,0.0199999995529652,0.0199999995529652,0,0,0,0.0199999995529652,0,0,0,3,161,942,Tuesday,3,39.25,Low Activity,Short Distance
2022484408,2016-04-01,13603,9.60000038146973,9.60000038146973,0,5.46000003814697,0.629999995231628,3.50999999046326,0,72,16,213,1139,2645,Friday,301,0.1944424024112328,Good Activity,Long Distance
2022484408,2016-04-02,5477,3.83999991416931,3.83999991416931,0,0,0,3.83999991416931,0,0,0,237,1203,2040,Saturday,237,0.3724666788387804,Moderate Activity,Moderate Distance
2022484408,2016-04-03,11144,7.82000017166138,7.82000017166138,0,1.78999996185303,0.889999985694885,5.1399998664856,0,25,22,279,1114,2395,Sunday,326,0.21491385498923188,Good Activity,Good Distance
2022484408,2016-04-04,15313,11,11,0,5.01999998092651,1.28999996185303,4.69000005722046,0,62,19,233,1126,2581,Monday,314,0.16854959838046105,High Activity,Long Distance
2022484408,2016-04-05,10805,7.59000015258789,7.59000015258789,0,0.720000028610229,0.980000019073486,5.8899998664856,0,36,37,298,1069,2735,Tuesday,371,0.25312355391022673,Good Activity,Good Distance
2022484408,2016-04-06,15392,10.9300003051758,10.9300003051758,0,3.4300000667572,1.75,5.75,0,47,42,258,1093,2733,Wednesday,347,0.1775597713097713,High Activity,Long Distance
2022484408,2016-04-07,18247,13.8299999237061,13.8299999237061,0,7.1100001335144,2.21000003814697,4.51000022888184,0,72,62,252,1054,3021,Thursday,386,0.16556146215816298,High Activity,Long Distance
2022484408,2016-04-08,13023,9.26000022888184,9.26000022888184,0,3.23000001907349,0.560000002384186,5.46999979019165,0,40,12,296,1092,2577,Friday,348,0.19788067265607004,Good Activity,Long Distance
2022484408,2016-04-09,16267,12.5900001525879,12.5900001525879,0,5.75,0.469999998807907,6.36999988555908,0,44,16,302,1078,2811,Saturday,362,0.17280383598696747,High Activity,Long Distance
2022484408,2016-04-10,10005,7.01999998092651,7.01999998092651,0,0.0799999982118607,1.04999995231628,5.90000009536743,0,1,23,339,1077,2458,Sunday,363,0.24567716141929036,Good Activity,Good Distance
2022484408,2016-04-11,10106,7.09000015258789,7.09000015258789,0,1.21000003814697,0.560000002384186,5.32999992370605,0,41,16,272,1111,2568,Monday,329,0.25410647140312687,Good Activity,Good Distance
2022484408,2016-04-12,6717,4.71999979019165,4.71999979019165,0,3.23000001907349,0.219999998807907,1.26999998092651,0,41,5,67,551,1140,Tuesday,113,0.16971862438588656,Moderate Activity,Moderate Distance
2026352035,2016-04-01,2605,1.62000000476837,1.62000000476837,0,0,0,1.62000000476837,0,0,0,166,729,1407,Friday,166,0.5401151631477927,Low Activity,Short Distance
2026352035,2016-04-02,1229,0.759999990463257,0.759999990463257,0,0,0,0.759999990463257,0,0,0,69,795,1237,Saturday,69,1.0065093572009765,Low Activity,Short Distance
2026352035,2016-04-03,2308,1.42999994754791,1.42999994754791,0,0,0,1.42999994754791,0,0,0,115,720,1330,Sunday,115,0.5762564991334489,Low Activity,Short Distance
2026352035,2016-04-04,6679,4.1399998664856,4.1399998664856,0,0,0,4.1399998664856,0,0,0,263,644,1583,Monday,263,0.23701152867195688,Moderate Activity,Moderate Distance
2026352035,2016-04-05,5645,3.5,3.5,0,0,0,3.5,0,0,0,248,621,1538,Tuesday,248,0.2724534986713906,Moderate Activity,Moderate Distance
2026352035,2016-04-06,3180,1.97000002861023,1.97000002861023,0,0,0,1.97000002861023,0,0,0,185,738,1421,Wednesday,185,0.4468553459119497,Low Activity,Short Distance
2026352035,2016-04-07,2767,1.72000002861023,1.72000002861023,0,0,0,1.72000002861023,0,0,0,170,673,1392,Thursday,170,0.5030719190458981,Low Activity,Short Distance
2026352035,2016-04-08,3762,2.32999992370605,2.32999992370605,0,0,0,2.32999992370605,0,0,0,173,719,1425,Friday,173,0.3787878787878788,Low Activity,Moderate Distance
2026352035,2016-04-09,3098,1.91999995708466,1.91999995708466,0,0,0,1.91999995708466,0,0,0,185,700,1413,Saturday,185,0.45610071013557135,Low Activity,Short Distance
2026352035,2016-04-10,5142,3.19000005722046,3.19000005722046,0,0,0,3.19000005722046,0,0,0,230,654,1515,Sunday,230,0.29463243873978995,Moderate Activity,Moderate Distance
2026352035,2016-04-11,3279,2.02999997138977,2.02999997138977,0,0,0,2.02999997138977,0,0,0,164,694,1405,Monday,164,0.4284842939920708,Low Activity,Moderate Distance
2026352035,2016-04-12,1019,0.629999995231628,0.629999995231628,0,0,0,0.629999995231628,0,0,0,64,223,600,Tuesday,64,0.5888125613346418,Low Activity,Short Distance
2320127002,2016-04-01,0,0,0,0,0,0,0,0,0,0,0,1440,1324,Friday,0,0,Low Activity,Short Distance
2320127002,2016-04-02,0,0,0,0,0,0,0,0,0,0,0,1440,1324,Saturday,0,0,Low Activity,Short Distance
2320127002,2016-04-03,0,0,0,0,0,0,0,0,0,0,0,1440,1324,Sunday,0,0,Low Activity,Short Distance
2320127002,2016-04-04,0,0,0,0,0,0,0,0,0,0,0,1440,1324,Monday,0,0,Low Activity,Short Distance
2320127002,2016-04-05,4931,3.3199999332428,3.3199999332428,0,0,0,3.3199999332428,0,0,0,175,1265,1708,Tuesday,175,0.3463800446156966,Low Activity,Moderate Distance
2320127002,2016-04-06,6999,4.71999979019165,4.71999979019165,0,0,0,4.71999979019165,0,0,0,320,1120,1950,Wednesday,320,0.2786112301757394,Moderate Activity,Moderate Distance
2320127002,2016-04-07,1846,1.24000000953674,1.24000000953674,0,0,0,1.24000000953674,0,0,0,93,1347,1508,Thursday,93,0.8169014084507042,Low Activity,Short Distance
2320127002,2016-04-08,3417,2.29999995231628,2.29999995231628,0,0,0,2.29999995231628,0,0,0,153,1287,1625,Friday,153,0.4755633596722271,Low Activity,Moderate Distance
2320127002,2016-04-09,4863,3.27999997138977,3.27999997138977,0,0.0599999986588955,0.419999986886978,2.79999995231628,0,1,11,208,1220,1772,Saturday,220,0.3643841250257043,Low Activity,Moderate Distance
2320127002,2016-04-10,2277,1.52999997138977,1.52999997138977,0,0,0,1.52999997138977,0,0,0,103,1337,1530,Sunday,103,0.6719367588932806,Low Activity,Short Distance
2320127002,2016-04-11,11230,7.67000007629395,7.67000007629395,0,0.889999985694885,0.119999997317791,6.65999984741211,0,10,2,390,1038,2206,Monday,402,0.19643811219946572,Good Activity,Good Distance
2320127002,2016-04-12,2098,1.4099999666214,1.4099999666214,0,0,0,1.4099999666214,0,0,0,69,617,790,Tuesday,69,0.3765490943755958,Low Activity,Short Distance
2347167796,2016-03-29,10272,6.78999996185303,6.78999996185303,0,0.159999996423721,3.11999988555908,3.5,0,2,58,208,700,2041,Tuesday,268,0.1986954828660436,Good Activity,Good Distance
2347167796,2016-03-30,10533,7.09999990463257,7.09999990463257,0,1.76999998092651,2.05999994277954,3.26999998092651,0,21,35,255,615,2187,Wednesday,311,0.2076331529478781,Good Activity,Good Distance
2347167796,2016-03-31,6760,4.46999979019165,4.46999979019165,0,0,0,4.46999979019165,0,0,0,250,613,1929,Thursday,250,0.28535502958579884,Moderate Activity,Moderate Distance
2347167796,2016-04-01,8328,5.51000022888184,5.51000022888184,0,0,2,3.5,0,0,33,212,804,1935,Friday,245,0.23234870317002881,Moderate Activity,Good Distance
2347167796,2016-04-02,15459,10.2200002670288,10.2200002670288,0,3.58999991416931,0.810000002384186,5.82000017166138,0,51,16,327,583,2438,Saturday,394,0.15770748431334497,High Activity,Long Distance
2347167796,2016-04-03,7485,4.94999980926514,4.94999980926514,0,0,0,4.94999980926514,0,0,0,324,491,2035,Sunday,324,0.27187708750835005,Moderate Activity,Moderate Distance
2347167796,2016-04-04,10254,6.80000019073486,6.80000019073486,0,1.41999995708466,1.23000001907349,4.15999984741211,0,21,25,231,638,2099,Monday,277,0.2047006046420909,Good Activity,Good Distance
2347167796,2016-04-05,10114,6.82000017166138,6.82000017166138,0,1.63999998569489,0.479999989271164,4.67999982833862,0,18,9,269,696,2096,Tuesday,296,0.20723749258453628,Good Activity,Good Distance
2347167796,2016-04-06,11107,7.34000015258789,7.34000015258789,0,0.899999976158142,2.75999999046326,3.6800000667572,0,14,46,196,759,2058,Wednesday,256,0.18528855676600342,Good Activity,Good Distance
2347167796,2016-04-07,10320,6.84999990463257,6.84999990463257,0,0.680000007152557,1.23000001907349,4.94000005722046,0,15,32,315,1002,2338,Thursday,362,0.22655038759689922,Good Activity,Good Distance
2347167796,2016-04-08,10209,6.75,6.75,0,0.159999996423721,0.349999994039536,6.23000001907349,0,2,6,316,711,2104,Friday,324,0.2060926633362719,Good Activity,Good Distance
2347167796,2016-04-09,16081,10.6300001144409,10.6300001144409,0,1.25,1.82000005245209,7.55999994277954,0,16,32,401,970,2488,Saturday,449,0.15471674647099062,High Activity,Long Distance
2347167796,2016-04-10,10078,6.82999992370605,6.82999992370605,0,1.01999998092651,0.119999997317791,5.69000005722046,0,12,3,303,463,2164,Sunday,318,0.21472514387775352,Good Activity,Good Distance
2347167796,2016-04-11,10001,6.6100001335144,6.6100001335144,0,0.330000013113022,2.9300000667572,3.35999989509583,0,5,52,196,788,2009,Monday,253,0.20087991200879912,Good Activity,Good Distance
2347167796,2016-04-12,0,0,0,0,0,0,0,0,0,0,0,425,399,Tuesday,0,0,Low Activity,Short Distance
2873212765,2016-04-01,890,0.600000023841858,0.600000023841858,0,0,0,0.600000023841858,0,0,0,41,1399,1335,Friday,41,1.5,Low Activity,Short Distance
2873212765,2016-04-02,2214,1.49000000953674,1.49000000953674,0,0,0,1.49000000953674,0,0,0,197,1243,1559,Saturday,197,0.7041553748870822,Low Activity,Short Distance
2873212765,2016-04-03,7640,5.13000011444092,5.13000011444092,0,0.189999997615814,0.800000011920929,4.15000009536743,0,3,15,315,1107,1845,Sunday,333,0.24149214659685864,Moderate Activity,Good Distance
2873212765,2016-04-04,9713,6.53000020980835,6.53000020980835,0,0.340000003576279,0.889999985694885,5.28999996185303,0,6,24,355,1055,2046,Monday,385,0.21064552661381652,Moderate Activity,Good Distance
2873212765,2016-04-05,8432,5.67000007629395,5.67000007629395,0,0,0,5.65000009536743,0.00999999977648258,0,0,374,1066,1953,Tuesday,374,0.23161764705882354,Moderate Activity,Good Distance
2873212765,2016-04-06,7350,4.94000005722046,4.94000005722046,0,0,0,4.94000005722046,0,0,0,382,1058,1910,Wednesday,382,0.2598639455782313,Moderate Activity,Moderate Distance
2873212765,2016-04-07,9353,6.30999994277954,6.30999994277954,0,0.370000004768372,0.689999997615814,5.23999977111816,0,5,17,363,1055,2035,Thursday,385,0.21757724794183683,Moderate Activity,Good Distance
2873212765,2016-04-08,7157,4.80999994277954,4.80999994277954,0,0,0,4.80999994277954,0,0,0,380,1060,1944,Friday,380,0.2716221880676261,Moderate Activity,Moderate Distance
2873212765,2016-04-09,14103,9.5600004196167,9.5600004196167,0,3.01999998092651,0.409999996423721,6.1399998664856,0.00999999977648258,46,8,288,1098,2257,Saturday,342,0.16003687158760546,Good Activity,Long Distance
2873212765,2016-04-10,5290,3.54999995231628,3.54999995231628,0,0.0399999991059303,0.340000003576279,3.17000007629395,0,1,8,251,1180,1724,Sunday,260,0.32589792060491496,Moderate Activity,Moderate Distance
2873212765,2016-04-11,7497,5.03999996185303,5.03999996185303,0,0,0,5.03999996185303,0,0,0,357,882,1741,Monday,357,0.23222622382286248,Moderate Activity,Good Distance
2891001357,2016-03-29,0,0,0,0,0,0,0,0,0,0,0,1440,1920,Tuesday,0,0,Low Activity,Short Distance
2891001357,2016-03-30,0,0,0,0,0,0,0,0,0,0,0,1440,1920,Wednesday,0,0,Low Activity,Short Distance
2891001357,2016-03-31,0,0,0,0,0,0,0,0,0,0,0,1440,1920,Thursday,0,0,Low Activity,Short Distance
2891001357,2016-04-01,0,0,0,4.82803201675415,0,0,0,0,0,660,0,780,4562,Friday,660,0,Low Activity,Short Distance
2891001357,2016-04-02,4126,3.22000002861023,0,3.21868801116943,0,0,3.22000002861023,0,0,0,720,720,2881,Saturday,720,0.6982549684924867,Low Activity,Moderate Distance
2891001357,2016-04-03,0,0,0,0,0,0,0,0,0,0,0,1440,1920,Sunday,0,0,Low Activity,Short Distance
2891001357,2016-04-04,0,0,0,0,0,0,0,0,0,0,0,1440,1920,Monday,0,0,Low Activity,Short Distance
2891001357,2016-04-05,2063,1.61000001430511,0,1.60934400558472,0,0,1.61000001430511,0,0,0,630,99,1144,Tuesday,630,0.5545322346097916,Low Activity,Short Distance
3372868164,2016-04-01,5785,3.95000004768372,3.95000004768372,0,0,0,3.91000008583069,0.0399999991059303,0,0,311,1129,1852,Friday,311,0.3201382886776145,Moderate Activity,Moderate Distance
3372868164,2016-04-02,7625,5.23000001907349,5.23000001907349,0,1.67999994754791,0.0399999991059303,3.5,0.00999999977648258,24,1,341,1074,2069,Saturday,366,0.27134426229508196,Moderate Activity,Good Distance
3372868164,2016-04-03,4706,3.21000003814697,3.21000003814697,0,0,0,3.21000003814697,0,0,0,299,1141,1816,Sunday,299,0.3858903527411815,Low Activity,Moderate Distance
3372868164,2016-04-04,5861,4.01999998092651,4.01999998092651,0,1.29999995231628,0.219999998807907,2.49000000953674,0.00999999977648258,20,7,233,1180,1878,Monday,260,0.32042313598362054,Moderate Activity,Moderate Distance
3372868164,2016-04-05,4460,3.03999996185303,3.03999996185303,0,0,0,3.01999998092651,0.0299999993294477,0,0,248,1192,1787,Tuesday,248,0.4006726457399103,Low Activity,Moderate Distance
3372868164,2016-04-06,6406,4.3899998664856,4.3899998664856,0,0.779999971389771,0.0900000035762787,3.51999998092651,0.00999999977648258,17,4,325,1094,2010,Wednesday,346,0.313768342179207,Moderate Activity,Moderate Distance
3372868164,2016-04-07,7392,5.09999990463257,5.09999990463257,0,0.870000004768372,0.159999996423721,4.05000019073486,0.0199999995529652,14,9,332,1085,2038,Thursday,355,0.27570346320346323,Moderate Activity,Good Distance
3372868164,2016-04-08,5551,3.78999996185303,3.78999996185303,0,0,0,3.76999998092651,0.00999999977648258,0,0,282,1158,1815,Friday,282,0.3269681138533598,Moderate Activity,Moderate Distance
3372868164,2016-04-09,8827,6.25,6.25,0,1.76999998092651,0.479999989271164,4,0.00999999977648258,21,10,346,1063,2062,Saturday,377,0.23360145009629546,Moderate Activity,Good Distance
3372868164,2016-04-10,4662,3.1800000667572,3.1800000667572,0,1.03999996185303,0.150000005960464,1.99000000953674,0,22,4,152,735,1276,Sunday,178,0.2737022737022737,Low Activity,Moderate Distance
3977333714,2016-04-01,4499,3.00999999046326,3.00999999046326,0,0,0,3.00999999046326,0,0,0,168,842,1288,Friday,168,0.2862858412980662,Low Activity,Moderate Distance
3977333714,2016-04-02,7618,5.09999990463257,5.09999990463257,0,0,0.180000007152557,4.90999984741211,0,0,6,302,842,1490,Saturday,308,0.19558939354161198,Moderate Activity,Good Distance
3977333714,2016-04-03,11508,7.69999980926514,7.69999980926514,0,2.17000007629395,0.839999973773956,4.69000005722046,0,29,22,282,748,1630,Sunday,333,0.1416405978449774,Good Activity,Good Distance
3977333714,2016-04-04,11943,7.98999977111816,7.98999977111816,0,1.02999997138977,2.00999999046326,4.94999980926514,0,16,43,297,710,1648,Monday,356,0.13798878003851628,Good Activity,Good Distance
3977333714,2016-04-05,12303,8.22999954223633,8.22999954223633,0,1.71000003814697,1.35000002384186,5.17000007629395,0,26,32,291,605,1649,Tuesday,349,0.13403234983337398,Good Activity,Long Distance
3977333714,2016-04-06,15425,10.3199996948242,10.3199996948242,0,1.62000000476837,1.82000005245209,6.86999988555908,0,24,45,331,614,1783,Wednesday,400,0.11559157212317667,High Activity,Long Distance
3977333714,2016-04-07,8422,5.63000011444092,5.63000011444092,0,0,3.59999990463257,2.03999996185303,0,0,81,139,815,1431,Thursday,220,0.16991213488482546,Moderate Activity,Good Distance
3977333714,2016-04-08,10226,6.84000015258789,6.84000015258789,0,0,4.44000005722046,2.40000009536743,0,0,101,174,685,1524,Friday,275,0.14903187952278507,Good Activity,Good Distance
3977333714,2016-04-09,14583,9.76000022888184,9.76000022888184,0,2.48000001907349,1.74000000953674,5.53000020980835,0,35,36,254,697,1697,Saturday,325,0.11636837413426593,Good Activity,Long Distance
3977333714,2016-04-10,3573,2.39000010490417,2.39000010490417,0,0.939999997615814,0.409999996423721,0.970000028610229,0,15,8,99,866,1232,Sunday,122,0.34480828435488386,Low Activity,Moderate Distance
3977333714,2016-04-11,3108,2.14000010490417,2.14000010490417,0,0.0700000002980232,0.0399999991059303,1.96000003814697,0,1,1,129,894,1223,Monday,131,0.3935006435006435,Low Activity,Moderate Distance
3977333714,2016-04-12,759,0.569999992847443,0.569999992847443,0,0,0,0.569999992847443,0,0,0,17,187,182,Tuesday,17,0.23978919631093545,Low Activity,Short Distance
4020332650,2016-03-12,5543,3.97000002861023,3.97000002861023,0,0,0,3.96000003814697,0.00999999977648258,0,0,254,757,2990,Saturday,254,0.5394190871369294,Moderate Activity,Moderate Distance
4020332650,2016-03-13,3226,2.30999994277954,2.30999994277954,0,0,0,2.27999997138977,0,0,0,136,771,2480,Sunday,136,0.768753874767514,Low Activity,Moderate Distance
4020332650,2016-03-14,3023,2.17000007629395,2.17000007629395,0,0,0,2.14000010490417,0,0,0,145,1005,2570,Monday,145,0.8501488587495865,Low Activity,Moderate Distance
4020332650,2016-03-15,5906,4.23000001907349,4.23000001907349,0,0,0.159999996423721,4.03999996185303,0,0,10,215,874,3016,Tuesday,225,0.5106671181848967,Moderate Activity,Moderate Distance
4020332650,2016-03-16,12483,8.98999977111816,8.98999977111816,0,1.45000004768372,0.569999992847443,6.90000009536743,0,25,14,309,599,3830,Wednesday,348,0.30681727148922533,Good Activity,Long Distance
4020332650,2016-03-17,8940,6.40999984741211,6.40999984741211,0,0,0,0.610000014305115,0.0399999991059303,0,0,47,986,3706,Thursday,47,0.4145413870246085,Moderate Activity,Good Distance
4020332650,2016-03-18,368,0.259999990463257,0.259999990463257,0,0,0,0,0,0,0,0,1440,2024,Friday,0,5.5,Low Activity,Short Distance
4020332650,2016-03-19,5702,4.09000015258789,4.09000015258789,0,0,0,0,0,0,0,0,1440,2980,Saturday,0,0.5226236408277797,Moderate Activity,Moderate Distance
4020332650,2016-03-20,10330,7.40999984741211,7.40999984741211,0,0,0,0,0,0,0,0,1440,3728,Sunday,0,0.36089060987415295,Good Activity,Good Distance
4020332650,2016-03-21,8778,6.28999996185303,6.28999996185303,0,0,0,0,0,0,0,0,1440,3348,Monday,0,0.3814080656185919,Moderate Activity,Good Distance
4020332650,2016-03-22,6662,4.78000020980835,4.78000020980835,0,0,0,0,0,0,0,0,1440,3162,Tuesday,0,0.47463224256979886,Moderate Activity,Moderate Distance
4020332650,2016-03-23,6309,4.51999998092651,4.51999998092651,0,0,0,0,0,0,0,0,1440,3140,Wednesday,0,0.49770169598985575,Moderate Activity,Moderate Distance
4020332650,2016-03-24,1951,1.4099999666214,1.4099999666214,0,0,0,0,0,0,0,0,1440,1980,Thursday,0,1.0148641722193747,Low Activity,Short Distance
4020332650,2016-03-25,5563,3.99000000953674,3.99000000953674,0,0,0,0,0,0,0,0,1440,3681,Friday,0,0.661693330936545,Moderate Activity,Moderate Distance
4020332650,2016-03-26,4370,3.13000011444092,3.13000011444092,0,0,0,0,0,0,0,0,1440,3444,Saturday,0,0.7881006864988558,Low Activity,Moderate Distance
4020332650,2016-03-27,7144,5.11999988555908,5.11999988555908,0,0,0,0,0,0,0,0,1440,3510,Sunday,0,0.49132138857782753,Moderate Activity,Good Distance
4020332650,2016-03-28,2106,1.50999999046326,1.50999999046326,0,0.0199999995529652,0.0500000007450581,0.209999993443489,0,31,45,75,1289,4010,Monday,151,1.9040835707502375,Low Activity,Short Distance
4020332650,2016-03-29,4152,2.98000001907349,2.98000001907349,0,0,0,2.96000003814697,0,0,0,187,1253,2976,Tuesday,187,0.7167630057803468,Low Activity,Moderate Distance
4020332650,2016-03-30,5400,3.86999988555908,3.86999988555908,0,0,0,3.84999990463257,0,0,0,258,795,3418,Wednesday,258,0.632962962962963,Moderate Activity,Moderate Distance
4020332650,2016-03-31,7428,5.32999992370605,5.32999992370605,0,0.870000004768372,0.920000016689301,3.50999999046326,0,18,33,261,860,3439,Thursday,312,0.4629779213785676,Moderate Activity,Good Distance
4020332650,2016-04-01,5351,3.83999991416931,3.83999991416931,0,0.620000004768372,0.180000007152557,3.00999999046326,0,15,17,210,748,3338,Friday,242,0.6238086339002056,Moderate Activity,Moderate Distance
4020332650,2016-04-02,4299,3.09999990463257,3.09999990463257,0,0.0900000035762787,0.209999993443489,2.74000000953674,0.0399999991059303,3,15,162,752,2892,Saturday,180,0.6727145847871598,Low Activity,Moderate Distance
4020332650,2016-04-03,6107,4.38000011444092,4.38000011444092,0,0,0,4.3600001335144,0,0,0,265,776,3313,Sunday,265,0.5424922220402817,Moderate Activity,Moderate Distance
4020332650,2016-04-04,6429,4.59999990463257,4.59999990463257,0,0,0.949999988079071,3.65000009536743,0,0,28,193,741,3118,Monday,221,0.48498988956291805,Moderate Activity,Moderate Distance
4020332650,2016-04-05,6880,4.92999982833862,4.92999982833862,0,0.5,0.759999990463257,3.65000009536743,0,7,19,165,1249,2966,Tuesday,191,0.4311046511627907,Moderate Activity,Moderate Distance
4020332650,2016-04-06,7476,5.3600001335144,5.3600001335144,0,0,0,5.30999994277954,0,0,0,263,920,3253,Wednesday,263,0.43512573568753343,Moderate Activity,Good Distance
4020332650,2016-04-07,6581,4.71999979019165,4.71999979019165,0,0,0.28999999165535,4.3899998664856,0,0,8,241,1191,3032,Thursday,249,0.46072025528035254,Moderate Activity,Moderate Distance
4020332650,2016-04-08,10480,7.51000022888184,7.51000022888184,0,0.409999996423721,1.47000002861023,5.01000022888184,0.0399999991059303,6,37,272,1125,4034,Friday,315,0.3849236641221374,Good Activity,Good Distance
4020332650,2016-04-09,7734,5.55000019073486,5.55000019073486,0,1.1599999666214,0.490000009536743,3.8199999332428,0.0599999986588955,20,12,223,1185,3264,Saturday,255,0.42203258339798294,Moderate Activity,Good Distance
4020332650,2016-04-10,5129,3.6800000667572,3.6800000667572,0,0.180000007152557,0.239999994635582,3.21000003814697,0.00999999977648258,5,7,176,1178,2817,Sunday,188,0.5492298693702476,Moderate Activity,Moderate Distance
4020332650,2016-04-11,2993,2.15000009536743,2.15000009536743,0,0,0,2.08999991416931,0,0,0,114,888,2507,Monday,114,0.8376211159371868,Low Activity,Moderate Distance
4020332650,2016-04-12,8,0.00999999977648258,0.00999999977648258,0,0,0,0.00999999977648258,0,0,0,1,321,446,Tuesday,1,55.75,Low Activity,Short Distance
4057192912,2016-03-12,0,0,0,0,0,0,0,0,0,0,0,1440,1777,Saturday,0,0,Low Activity,Short Distance
4057192912,2016-03-13,0,0,0,0,0,0,0,0,0,0,0,1440,1777,Sunday,0,0,Low Activity,Short Distance
4057192912,2016-03-14,8433,6.23000001907349,6.23000001907349,0,2.45000004768372,0.330000013113022,3.44000005722046,0,30,7,135,1268,2453,Monday,172,0.29088106249258866,Moderate Activity,Good Distance
4057192912,2016-03-15,0,0,0,0,0,0,0,0,0,0,0,1440,1776,Tuesday,0,0,Low Activity,Short Distance
4057192912,2016-03-16,2139,1.55999994277954,1.55999994277954,0,0,1.29999995231628,0.259999990463257,0,0,28,15,1397,1935,Wednesday,43,0.9046283309957924,Low Activity,Short Distance
4057192912,2016-03-17,0,0,0,0,0,0,0,0,0,0,0,1440,1776,Thursday,0,0,Low Activity,Short Distance
4057192912,2016-03-18,949,0.689999997615814,0.689999997615814,0,0,0,0.689999997615814,0,0,0,34,1406,1870,Friday,34,1.970495258166491,Low Activity,Short Distance
4057192912,2016-03-19,0,0,0,0,0,0,0,0,0,0,0,1440,1777,Saturday,0,0,Low Activity,Short Distance
4057192912,2016-03-20,44,0.0299999993294477,0.0299999993294477,0,0,0,0.0299999993294477,0,0,0,2,1438,1782,Sunday,2,40.5,Low Activity,Short Distance
4057192912,2016-03-21,2660,1.94000005722046,1.94000005722046,0,0,0,1.94000005722046,0,0,0,46,1394,1978,Monday,46,0.7436090225563909,Low Activity,Short Distance
4057192912,2016-03-22,5561,4.19000005722046,4.19000005722046,0,0,0,4.07000017166138,0,0,0,169,1271,2296,Tuesday,169,0.412875382125517,Moderate Activity,Moderate Distance
4057192912,2016-03-23,7239,5.34000015258789,5.34000015258789,0,0.550000011920929,0.360000014305115,4.38000011444092,0,7,7,190,1236,2484,Wednesday,204,0.3431413178615831,Moderate Activity,Good Distance
4057192912,2016-03-24,7,0.00999999977648258,0.00999999977648258,0,0,0,0.00999999977648258,0,0,0,1,1439,1787,Thursday,1,255.28571428571428,Low Activity,Short Distance
4057192912,2016-03-25,0,0,0,0,0,0,0,0,0,0,0,1440,1776,Friday,0,0,Low Activity,Short Distance
4057192912,2016-03-26,0,0,0,0,0,0,0,0,0,0,0,1440,1776,Saturday,0,0,Low Activity,Short Distance
4057192912,2016-03-27,2275,1.67999994754791,1.67999994754791,0,0,0,1.6599999666214,0,0,0,86,1354,2005,Sunday,86,0.8813186813186813,Low Activity,Short Distance
4057192912,2016-03-28,8,0.00999999977648258,0.00999999977648258,0,0,0,0.00999999977648258,0,0,0,1,1439,1778,Monday,1,222.25,Low Activity,Short Distance
4057192912,2016-03-29,5137,3.75999999046326,3.75999999046326,0,0,0,3.75999999046326,0,0,0,160,1280,2293,Tuesday,160,0.44636947634806307,Moderate Activity,Moderate Distance
4057192912,2016-03-30,5419,4,4.57000017166138,0.055842999368906,0,0,3.91000008583069,0.0599999986588955,0,0,145,1295,2259,Wednesday,145,0.41686658054991693,Moderate Activity,Moderate Distance
4057192912,2016-03-31,0,0,0,0,0,0,0,0,0,0,0,1440,1776,Thursday,0,0,Low Activity,Short Distance
4057192912,2016-04-01,0,0,0,0,0,0,0,0,0,0,0,1440,1776,Friday,0,0,Low Activity,Short Distance
4057192912,2016-04-02,0,0,0,0,0,0,0,0,0,0,0,1440,1776,Saturday,0,0,Low Activity,Short Distance
4057192912,2016-04-03,0,0,0,0,0,0,0,0,0,0,0,1440,1776,Sunday,0,0,Low Activity,Short Distance
4057192912,2016-04-04,0,0,0,0,0,0,0,0,0,0,0,1440,1776,Monday,0,0,Low Activity,Short Distance
4057192912,2016-04-05,0,0,0,0,0,0,0,0,0,0,0,1440,1776,Tuesday,0,0,Low Activity,Short Distance
4057192912,2016-04-06,18,0.00999999977648258,0.00999999977648258,0,0,0,0.00999999977648258,0,0,0,2,1438,1780,Wednesday,2,98.88888888888889,Low Activity,Short Distance
4057192912,2016-04-07,4,0,0,0,0,0,0,0,0,0,1,1439,1778,Thursday,1,444.5,Low Activity,Short Distance
4057192912,2016-04-08,8426,6.15999984741211,6.15999984741211,0,0.129999995231628,5.48999977111816,0.540000021457672,0,2,120,25,1293,2360,Friday,147,0.2800854497982435,Moderate Activity,Good Distance
4057192912,2016-04-09,1650,1.21000003814697,1.21000003814697,0,0,0,1.21000003814697,0,0,0,60,1380,1952,Saturday,60,1.183030303030303,Low Activity,Short Distance
4057192912,2016-04-10,3434,2.50999999046326,2.50999999046326,0,0.0700000002980232,0.300000011920929,2.14000010490417,0,1,7,108,1324,2101,Sunday,116,0.6118229470005824,Low Activity,Moderate Distance
4057192912,2016-04-11,6801,4.98000001907349,4.98000001907349,0,0,0,4.96999979019165,0,0,0,193,1247,2393,Monday,193,0.35186002058520804,Moderate Activity,Moderate Distance
4057192912,2016-04-12,187,0.140000000596046,0.140000000596046,0,0,0,0.140000000596046,0,0,0,11,400,538,Tuesday,11,2.877005347593583,Low Activity,Short Distance
4319703577,2016-03-29,5643,3.78999996185303,3.78999996185303,0,0.230000004172325,0.330000013113022,3.23000001907349,0,3,8,199,683,1958,Tuesday,210,0.3469785575048733,Moderate Activity,Moderate Distance
4319703577,2016-03-30,9043,6.07000017166138,6.07000017166138,0,0.25,0.430000007152557,5.36999988555908,0,4,12,244,702,2141,Wednesday,260,0.2367577131482915,Moderate Activity,Good Distance
4319703577,2016-03-31,8144,5.46000003814697,5.46000003814697,0,0.25,0.610000014305115,4.6100001335144,0,4,17,247,1125,2129,Thursday,268,0.2614194499017682,Moderate Activity,Good Distance
4319703577,2016-04-01,9343,6.26999998092651,6.26999998092651,0,0.959999978542328,0.850000023841858,4.46000003814697,0,14,20,268,654,2216,Friday,302,0.23718291769239003,Moderate Activity,Good Distance
4319703577,2016-04-02,8405,5.65999984741211,5.65999984741211,0,1.12999999523163,0.189999997615814,4.34000015258789,0,15,4,257,621,2154,Saturday,276,0.2562760261748959,Moderate Activity,Good Distance
4319703577,2016-04-03,8223,5.51999998092651,5.51999998092651,0,0.800000011920929,1.50999999046326,3.21000003814697,0,12,37,257,551,2178,Sunday,306,0.2648668369208318,Moderate Activity,Good Distance
4319703577,2016-04-04,10067,6.76000022888184,6.76000022888184,0,0.360000014305115,1.41999995708466,4.96999979019165,0,5,39,313,578,2308,Monday,357,0.22926393165789213,Good Activity,Good Distance
4319703577,2016-04-05,8359,5.63000011444092,5.63000011444092,0,0.230000004172325,0.529999971389771,4.86999988555908,0,3,14,311,638,2201,Tuesday,328,0.2633090082545759,Moderate Activity,Good Distance
4319703577,2016-04-06,10946,7.34999990463257,7.34999990463257,0,0.540000021457672,2.08999991416931,4.71999979019165,0,8,51,308,569,2341,Wednesday,367,0.21386807966380414,Good Activity,Good Distance
4319703577,2016-04-07,9130,6.15000009536743,6.15000009536743,0,0.5,0.379999995231628,5.26999998092651,0,7,11,304,668,2236,Thursday,322,0.24490690032858708,Moderate Activity,Good Distance
4319703577,2016-04-08,6544,4.40999984741211,4.40999984741211,0,0.28999999165535,0.259999990463257,3.85999989509583,0,4,6,276,1132,2069,Friday,286,0.3161674816625917,Moderate Activity,Moderate Distance
4388161847,2016-03-29,0,0,0,0,0,0,0,0,0,0,0,1440,1878,Tuesday,0,0,Low Activity,Short Distance
4388161847,2016-03-30,0,0,0,0,0,0,0,0,0,0,0,1440,1878,Wednesday,0,0,Low Activity,Short Distance
4388161847,2016-03-31,0,0,0,0,0,0,0,0,0,0,0,1440,1878,Thursday,0,0,Low Activity,Short Distance
4388161847,2016-04-01,0,0,0,0,0,0,0,0,0,0,0,1440,1878,Friday,0,0,Low Activity,Short Distance
4388161847,2016-04-02,0,0,0,0,0,0,0,0,0,0,0,1440,1878,Saturday,0,0,Low Activity,Short Distance
4388161847,2016-04-03,0,0,0,0,0,0,0,0,0,0,0,1440,1878,Sunday,0,0,Low Activity,Short Distance
4388161847,2016-04-04,0,0,0,0,0,0,0,0,0,0,0,1440,1878,Monday,0,0,Low Activity,Short Distance
4388161847,2016-04-05,0,0,0,0,0,0,0,0,0,0,0,994,1296,Tuesday,0,0,Low Activity,Short Distance
4445114986,2016-03-29,2303,1.54999995231628,1.54999995231628,0,0,0,1.54999995231628,0,0,0,155,807,2010,Tuesday,155,0.8727746417716022,Low Activity,Short Distance
4445114986,2016-03-30,2600,1.74000000953674,1.74000000953674,0,0,0,1.74000000953674,0,0,0,163,1277,2032,Wednesday,163,0.7815384615384615,Low Activity,Short Distance
4445114986,2016-03-31,4804,3.22000002861023,3.22000002861023,0,0,0,3.22000002861023,0,0,0,238,786,2227,Thursday,238,0.46357202331390507,Low Activity,Moderate Distance
4445114986,2016-04-01,3271,2.19000005722046,2.19000005722046,0,0,0,2.19000005722046,0,0,0,205,898,2133,Friday,205,0.6520941608070926,Low Activity,Moderate Distance
4445114986,2016-04-02,5406,3.63000011444092,3.63000011444092,0,0,0,3.60999989509583,0,0,0,273,672,2317,Saturday,273,0.428597854236034,Moderate Activity,Moderate Distance
4445114986,2016-04-03,3146,2.10999989509583,2.10999989509583,0,0,0,2.10999989509583,0,0,0,171,1269,2058,Sunday,171,0.6541640178003815,Low Activity,Moderate Distance
4445114986,2016-04-04,2422,1.62999999523163,1.62999999523163,0,0,0,1.62999999523163,0,0,0,110,1330,1935,Monday,110,0.7989265070189926,Low Activity,Short Distance
4445114986,2016-04-05,4239,2.83999991416931,2.83999991416931,0,0.0599999986588955,0.239999994635582,2.52999997138977,0,1,6,235,702,2217,Tuesday,242,0.5230007077140835,Low Activity,Moderate Distance
4445114986,2016-04-06,6911,4.78000020980835,4.78000020980835,0,2.3199999332428,0.100000001490116,2.35999989509583,0,28,2,215,745,2374,Wednesday,245,0.3435103458254956,Moderate Activity,Moderate Distance
4445114986,2016-04-07,6667,4.6100001335144,4.6100001335144,0,2.01999998092651,0.0500000007450581,2.54999995231628,0,24,1,208,939,2335,Thursday,233,0.35023248837558124,Moderate Activity,Moderate Distance
4445114986,2016-04-08,5543,3.72000002861023,3.72000002861023,0,0,0,3.72000002861023,0,0,0,266,941,2303,Friday,266,0.415478982500451,Moderate Activity,Moderate Distance
4445114986,2016-04-09,4195,2.80999994277954,2.80999994277954,0,0,0,2.80999994277954,0,0,0,239,758,2210,Saturday,239,0.5268176400476758,Low Activity,Moderate Distance
4445114986,2016-04-10,6625,4.44999980926514,4.44999980926514,0,0,0,4.44999980926514,0,0,0,316,755,2424,Sunday,316,0.3658867924528302,Moderate Activity,Moderate Distance
4445114986,2016-04-11,5986,4.13000011444092,4.13000011444092,0,1.95000004768372,0.230000004172325,1.95000004768372,0,23,5,195,789,2297,Monday,223,0.38372870030070166,Moderate Activity,Moderate Distance
4445114986,2016-04-12,278,0.189999997615814,0.189999997615814,0,0,0,0.189999997615814,0,0,0,20,253,745,Tuesday,20,2.679856115107914,Low Activity,Short Distance
4558609924,2016-04-01,5336,3.52999997138977,3.52999997138977,0,0,0,3.52999997138977,0,0,0,258,1182,1902,Friday,258,0.35644677661169416,Moderate Activity,Moderate Distance
4558609924,2016-04-02,3183,2.09999990463257,2.09999990463257,0,0,0,2.09999990463257,0,0,0,173,1180,1680,Saturday,173,0.527803958529689,Low Activity,Moderate Distance
4558609924,2016-04-03,6176,4.07999992370605,4.07999992370605,0,0.0700000002980232,0.259999990463257,3.75,0,1,7,269,886,1901,Sunday,277,0.3078044041450777,Moderate Activity,Moderate Distance
4558609924,2016-04-04,8205,5.42000007629395,5.42000007629395,0,0,0,5.42000007629395,0,0,0,367,1073,2078,Monday,367,0.25326020719073733,Moderate Activity,Good Distance
4558609924,2016-04-05,6799,4.48999977111816,4.48999977111816,0,1.5900000333786,0.860000014305115,2.03999996185303,0,24,14,185,1217,1876,Tuesday,223,0.2759229298426239,Moderate Activity,Moderate Distance
4558609924,2016-04-06,5668,3.75,3.75,0,0,0,3.75,0,0,0,259,1181,1853,Wednesday,259,0.3269230769230769,Moderate Activity,Moderate Distance
4558609924,2016-04-07,7998,5.28999996185303,5.28999996185303,0,0.509999990463257,0.25,4.53000020980835,0,27,12,296,1105,2235,Thursday,335,0.2794448612153038,Moderate Activity,Good Distance
4558609924,2016-04-08,4195,2.76999998092651,2.76999998092651,0,0,0,2.76999998092651,0,0,0,241,1199,1778,Friday,241,0.4238379022646007,Low Activity,Moderate Distance
4558609924,2016-04-09,5512,3.64000010490417,3.64000010490417,0,0,0,3.64000010490417,0,0,0,276,1164,1882,Saturday,276,0.3414368650217707,Moderate Activity,Moderate Distance
4558609924,2016-04-10,6263,4.1399998664856,4.1399998664856,0,0,0,4.13000011444092,0,0,0,290,1150,1906,Sunday,290,0.3043269998403321,Moderate Activity,Moderate Distance
4558609924,2016-04-11,8828,5.84000015258789,5.84000015258789,0,0,0,5.84000015258789,0,0,0,308,1132,2149,Monday,308,0.24342999546896238,Moderate Activity,Good Distance
4558609924,2016-04-12,1260,0.829999983310699,0.829999983310699,0,0,0,0.819999992847443,0,0,0,76,555,722,Tuesday,76,0.573015873015873,Low Activity,Short Distance
4702921684,2016-03-29,6506,5.28000020980835,5.28000020980835,0,0.330000013113022,0.270000010728836,4.67000007629395,0,4,5,241,760,2886,Tuesday,250,0.4435905318167845,Moderate Activity,Good Distance
4702921684,2016-03-30,7583,6.15000009536743,6.15000009536743,0,0.25,0.550000011920929,5.34999990463257,0,3,13,227,742,2915,Wednesday,243,0.3844125016484241,Moderate Activity,Good Distance
4702921684,2016-03-31,6963,5.65000009536743,5.65000009536743,0,0,0,5.65000009536743,0,0,0,256,759,2895,Thursday,256,0.4157690650581646,Moderate Activity,Good Distance
4702921684,2016-04-01,7165,5.80999994277954,5.80999994277954,0,0,0.370000004768372,5.44000005722046,0,0,9,248,708,2923,Friday,257,0.4079553384508025,Moderate Activity,Good Distance
4702921684,2016-04-02,10328,8.38000011444092,8.38000011444092,0,0,1.46000003814697,6.92000007629395,0,0,32,367,475,3323,Saturday,399,0.3217467079783114,Good Activity,Long Distance
4702921684,2016-04-03,12116,9.82999992370605,9.82999992370605,0,0.25,2.84999990463257,6.71999979019165,0,3,57,323,471,3357,Sunday,383,0.27707164080554636,Good Activity,Long Distance
4702921684,2016-04-04,7810,6.3600001335144,6.3600001335144,0,0.479999989271164,1.20000004768372,4.67999982833862,0,6,27,216,746,2931,Monday,249,0.37528809218950065,Moderate Activity,Good Distance
4702921684,2016-04-05,6670,5.40999984741211,5.40999984741211,0,1.24000000953674,0.800000011920929,3.36999988555908,0,15,16,199,770,2848,Tuesday,230,0.4269865067466267,Moderate Activity,Good Distance
4702921684,2016-04-06,7605,6.17999982833862,6.17999982833862,0,0.330000013113022,0.209999993443489,5.63000011444092,0,4,4,248,708,2943,Wednesday,256,0.38698224852071006,Moderate Activity,Good Distance
4702921684,2016-04-07,6585,5.34000015258789,5.34000015258789,0,0,0,5.34000015258789,0,0,0,210,770,2822,Thursday,210,0.42854973424449505,Moderate Activity,Good Distance
4702921684,2016-04-08,8184,6.6399998664856,6.6399998664856,0,0,0.620000004768372,5.94999980926514,0,0,15,247,808,2981,Friday,262,0.364247311827957,Moderate Activity,Good Distance
4702921684,2016-04-09,14002,11.3599996566772,11.3599996566772,0,0.610000014305115,2.6800000667572,8.0600004196167,0,8,56,381,407,3597,Saturday,445,0.25689187258963003,Good Activity,Long Distance
4702921684,2016-04-10,11135,9.02999973297119,9.02999973297119,0,0.0799999982118607,1.1599999666214,7.78999996185303,0,1,25,331,528,3224,Sunday,357,0.28953749438706783,Good Activity,Long Distance
4702921684,2016-04-11,6499,5.26999998092651,5.26999998092651,0,0,0,5.26999998092651,0,0,0,207,809,2677,Monday,207,0.4119095245422373,Moderate Activity,Good Distance
5553957443,2016-04-01,12409,8.10000038146973,8.10000038146973,0,2.90000009536743,0.629999995231628,4.57999992370605,0,51,12,235,782,2142,Friday,298,0.1726166492062213,Good Activity,Long Distance
5553957443,2016-04-02,2937,1.91999995708466,1.91999995708466,0,0,0,1.9099999666214,0,0,0,181,356,1615,Saturday,181,0.5498808307797072,Low Activity,Short Distance
5553957443,2016-04-03,1515,0.990000009536743,0.990000009536743,0,0,0,0.990000009536743,0,0,0,93,507,1481,Sunday,93,0.9775577557755776,Low Activity,Short Distance
5553957443,2016-04-04,8921,5.88000011444092,5.88000011444092,0,2.0699999332428,0.439999997615814,3.35999989509583,0,27,8,198,754,1892,Monday,233,0.2120838471023428,Moderate Activity,Good Distance
5553957443,2016-04-05,11306,7.38000011444092,7.38000011444092,0,2.30999994277954,0.980000019073486,4.09000015258789,0,40,26,218,772,2086,Tuesday,284,0.18450380329028834,Good Activity,Good Distance
5553957443,2016-04-06,12252,8,8,0,2.41000008583069,1.70000004768372,3.89000010490417,0,33,28,229,745,2044,Wednesday,290,0.16682990532158015,Good Activity,Long Distance
5553957443,2016-04-07,15444,10.0799999237061,10.0799999237061,0,3.26999998092651,1.73000001907349,5.07999992370605,0,51,39,243,731,2249,Thursday,333,0.14562289562289563,High Activity,Long Distance
5553957443,2016-04-08,9938,6.48999977111816,6.48999977111816,0,2.14000010490417,1.27999997138977,3.07999992370605,0,38,24,193,767,2019,Friday,255,0.20315958945461862,Moderate Activity,Good Distance
5553957443,2016-04-09,4599,3,3,0,0,0,3,0,0,0,176,578,1692,Saturday,176,0.3679060665362035,Low Activity,Moderate Distance
5553957443,2016-04-10,5594,3.65000009536743,3.65000009536743,0,0.280000001192093,1.48000001907349,1.88999998569489,0,4,25,150,552,1712,Sunday,179,0.30604218805863426,Moderate Activity,Moderate Distance
5553957443,2016-04-11,11906,7.76999998092651,7.76999998092651,0,2.25999999046326,1.51999998092651,3.99000000953674,0,32,27,234,688,2065,Monday,293,0.17344196203594825,Good Activity,Good Distance
5553957443,2016-04-12,3436,2.24000000953674,2.24000000953674,0,0.5,0.670000016689301,1.04999995231628,0,7,11,50,61,633,Tuesday,68,0.18422584400465658,Low Activity,Moderate Distance
5577150313,2016-04-01,10461,7.86999988555908,7.86999988555908,0,4.76000022888184,0.850000023841858,2.25,0,99,31,142,721,3625,Friday,272,0.3465251887964822,Good Activity,Good Distance
5577150313,2016-04-02,14873,11.1099996566772,11.1099996566772,0,8.1899995803833,0.600000023841858,2.30999994277954,0,202,36,153,663,4430,Saturday,391,0.2978551738048813,Good Activity,Long Distance
5577150313,2016-04-03,9917,7.40999984741211,7.40999984741211,0,1.99000000953674,0.970000028610229,4.44000005722046,0,58,27,240,700,3427,Sunday,325,0.34556821619441364,Moderate Activity,Good Distance
5577150313,2016-04-04,7401,5.55999994277954,5.55999994277954,0,2.3199999332428,0.360000014305115,2.88000011444092,0,70,19,204,689,3492,Monday,293,0.4718281313336036,Moderate Activity,Good Distance
5577150313,2016-04-05,8964,6.69999980926514,6.69999980926514,0,3.97000002861023,0.189999997615814,2.52999997138977,0,107,18,145,756,3597,Tuesday,270,0.40127175368139223,Moderate Activity,Good Distance
5577150313,2016-04-06,11080,8.30000019073486,8.30000019073486,0,3.13000011444092,1.37000000476837,3.80999994277954,0,83,52,190,695,3765,Wednesday,325,0.3398014440433213,Good Activity,Long Distance
5577150313,2016-04-07,4499,3.35999989509583,3.35999989509583,0,0.889999985694885,0.259999990463257,2.21000003814697,0,31,11,146,756,2775,Thursday,188,0.6168037341631474,Low Activity,Moderate Distance
5577150313,2016-04-08,4363,3.25999999046326,3.25999999046326,0,0.129999995231628,0.0599999986588955,3.07999992370605,0,8,2,156,813,2486,Friday,166,0.5697914279165711,Low Activity,Moderate Distance
5577150313,2016-04-09,10494,7.84000015258789,7.84000015258789,0,4.90999984741211,0.779999971389771,2.15000009536743,0,123,62,138,601,3817,Saturday,323,0.3637316561844864,Good Activity,Good Distance
5577150313,2016-04-10,9776,7.38000011444092,7.38000011444092,0,2.9300000667572,1.42999994754791,3.01999998092651,0,80,35,162,721,3378,Sunday,277,0.3455400981996727,Moderate Activity,Good Distance
5577150313,2016-04-11,2862,2.14000010490417,2.14000010490417,0,1.03999996185303,0.25,0.839999973773956,0,39,17,54,209,1511,Monday,110,0.5279524807826694,Low Activity,Moderate Distance
6117666160,2016-04-01,7444,5.61999988555908,5.61999988555908,0,0,0,5.61999988555908,0,0,0,286,568,2210,Friday,286,0.2968833960236432,Moderate Activity,Good Distance
6117666160,2016-04-02,19658,14.8400001525879,14.8400001525879,0,0.239999994635582,2.08999991416931,12.5100002288818,0,3,30,475,466,2884,Saturday,508,0.14670871909655103,High Activity,Long Distance
6117666160,2016-04-03,0,0,0,0,0,0,0,0,0,0,0,1440,1496,Sunday,0,0,Low Activity,Short Distance
6117666160,2016-04-04,8468,6.3899998664856,6.3899998664856,0,0.180000007152557,0.639999985694885,5.57000017166138,0,2,11,279,1148,2262,Monday,292,0.2671232876712329,Moderate Activity,Good Distance
6117666160,2016-04-05,9910,7.48000001907349,7.48000001907349,0,0,0,7.48000001907349,0,0,0,384,990,2445,Tuesday,384,0.2467204843592331,Moderate Activity,Good Distance
6117666160,2016-04-06,12409,9.36999988555908,9.36999988555908,0,0,0,9.36999988555908,0,0,0,491,388,2694,Wednesday,491,0.21710049157869288,Good Activity,Long Distance
6117666160,2016-04-07,4853,3.66000008583069,3.66000008583069,0,0,0,3.66000008583069,0,0,0,156,770,1903,Thursday,156,0.3921285802596332,Low Activity,Moderate Distance
6117666160,2016-04-08,8955,6.76000022888184,6.76000022888184,0,0,0,6.73000001907349,0,0,0,422,1018,2482,Friday,422,0.2771635957565606,Moderate Activity,Good Distance
6117666160,2016-04-09,10789,8.14999961853027,8.14999961853027,0,0,0,8.14999961853027,0,0,0,506,413,2617,Saturday,506,0.24256186856983966,Good Activity,Long Distance
6290855005,2016-04-01,6633,5.01000022888184,5.01000022888184,0,0,0,5.01000022888184,0,0,0,280,1160,2778,Friday,280,0.4188150158299412,Moderate Activity,Good Distance
6290855005,2016-04-02,9548,7.21999979019165,7.21999979019165,0,2.01999998092651,3.6800000667572,1.51999998092651,0,25,107,113,1195,3119,Saturday,245,0.3266652702136573,Moderate Activity,Good Distance
6290855005,2016-04-03,0,0,0,0,0,0,0,0,33,0,0,1407,2664,Sunday,33,0,Low Activity,Short Distance
6290855005,2016-04-04,0,0,0,0,0,0,0,0,0,0,0,1440,2060,Monday,0,0,Low Activity,Short Distance
6290855005,2016-04-05,0,0,0,0,0,0,0,0,0,0,0,1440,2060,Tuesday,0,0,Low Activity,Short Distance
6290855005,2016-04-06,0,0,0,0,0,0,0,0,0,0,0,1440,2060,Wednesday,0,0,Low Activity,Short Distance
6290855005,2016-04-07,0,0,0,0,0,0,0,0,0,0,0,1440,2060,Thursday,0,0,Low Activity,Short Distance
6290855005,2016-04-08,0,0,0,0,0,0,0,0,0,0,0,1440,2060,Friday,0,0,Low Activity,Short Distance
6290855005,2016-04-09,0,0,0,0,0,0,0,0,0,0,0,1440,2060,Saturday,0,0,Low Activity,Short Distance
6290855005,2016-04-10,0,0,0,0,0,0,0,0,20,0,0,494,735,Sunday,20,0,Low Activity,Short Distance
6391747486,2016-04-01,0,0,0,0,0,0,0,0,0,0,0,1440,1820,Friday,0,0,Low Activity,Short Distance
6391747486,2016-04-02,2101,2.02999997138977,0,2.02777290344238,2.02999997138977,0,0,0,46,0,0,1394,2224,Saturday,46,1.0585435506901475,Low Activity,Moderate Distance
6391747486,2016-04-03,0,0,0,0,0,0,0,0,0,0,0,1440,1820,Sunday,0,0,Low Activity,Short Distance
6391747486,2016-04-04,0,0,0,0,0,0,0,0,0,0,0,1440,1820,Monday,0,0,Low Activity,Short Distance
6391747486,2016-04-05,9766,7.51000022888184,0.779999971389771,6.72705698013306,0,0.0500000007450581,7.46000003814697,0,0,6,301,1133,2442,Tuesday,307,0.2500511980339955,Moderate Activity,Good Distance
6391747486,2016-04-06,165,0.129999995231628,0.129999995231628,0,0,0,0.129999995231628,0,0,0,8,1432,1849,Wednesday,8,11.206060606060607,Low Activity,Short Distance
6391747486,2016-04-07,0,0,0,0,0,0,0,0,0,0,0,1440,1822,Thursday,0,0,Low Activity,Short Distance
6391747486,2016-04-08,0,0,0,0,0,0,0,0,0,0,0,1440,1820,Friday,0,0,Low Activity,Short Distance
6391747486,2016-04-09,0,0,0,0,0,0,0,0,0,0,0,198,251,Saturday,0,0,Low Activity,Short Distance
6775888955,2016-04-01,7225,5.17999982833862,5.17999982833862,0,1.73000001907349,1.26999998092651,2.1800000667572,0,25,50,163,1189,3065,Friday,238,0.42422145328719724,Moderate Activity,Good Distance
6775888955,2016-04-02,1988,1.42999994754791,1.42999994754791,0,0,0,1.42999994754791,0,0,0,79,909,2207,Saturday,79,1.1101609657947686,Low Activity,Short Distance
6775888955,2016-04-03,1577,1.12999999523163,1.12999999523163,0,0.0700000002980232,0.889999985694885,0.170000001788139,0,1,17,8,1414,1977,Sunday,26,1.2536461636017755,Low Activity,Short Distance
6775888955,2016-04-04,0,0,0,0,0,0,0,0,0,0,0,1440,1841,Monday,0,0,Low Activity,Short Distance
6775888955,2016-04-05,9348,6.69999980926514,6.69999980926514,0,1.12999999523163,2.03999996185303,3.14000010490417,0,56,133,240,1011,4286,Tuesday,429,0.45849379546427044,Moderate Activity,Good Distance
6775888955,2016-04-06,11761,8.43000030517578,8.43000030517578,0,1.30999994277954,2.44000005722046,4.67999982833862,0,24,99,300,550,3920,Wednesday,423,0.33330499107218775,Good Activity,Long Distance
6775888955,2016-04-07,13987,10.0299997329712,10.0299997329712,0,2.86999988555908,3.33999991416931,3.8199999332428,0,46,114,250,739,3856,Thursday,410,0.2756845642382212,Good Activity,Long Distance
6775888955,2016-04-08,4131,2.96000003814697,2.96000003814697,0,1.37000000476837,0.610000014305115,0.980000019073486,0,27,30,75,1308,2584,Friday,132,0.6255144032921811,Low Activity,Moderate Distance
6775888955,2016-04-09,14,0.00999999977648258,0.00999999977648258,0,0,0,0.00999999977648258,0,0,0,1,601,787,Saturday,1,56.214285714285715,Low Activity,Short Distance
6962181067,2016-03-30,15491,10.2399997711182,10.2399997711182,0,1.28999996185303,4.48999977111816,4.46000003814697,0,18,77,272,641,2244,Wednesday,367,0.1448583048221548,High Activity,Long Distance
6962181067,2016-03-31,14097,9.31999969482422,9.31999969482422,0,3.5,1.91999995708466,3.90000009536743,0,50,32,234,595,2188,Thursday,316,0.15521032843867488,Good Activity,Long Distance
6962181067,2016-04-01,10467,6.98000001907349,6.98000001907349,0,0.699999988079071,2.4300000667572,3.84999990463257,0,9,45,252,602,2014,Friday,306,0.19241425432311074,Good Activity,Good Distance
6962181067,2016-04-02,12437,8.30000019073486,8.30000019073486,0,3.75999999046326,1.28999996185303,3.24000000953674,0,50,24,219,732,2115,Saturday,293,0.17005708772211947,Good Activity,Long Distance
6962181067,2016-04-03,12307,8.14000034332275,8.14000034332275,0,1.00999999046326,3.25999999046326,3.86999988555908,0,14,51,218,589,2055,Sunday,283,0.1669781425205168,Good Activity,Long Distance
6962181067,2016-04-04,18952,12.8000001907349,12.8000001907349,0,5.90999984741211,1.23000001907349,5.65999984741211,0,73,20,327,570,2437,Monday,420,0.12858801181933305,High Activity,Long Distance
6962181067,2016-04-05,12010,7.94000005722046,7.94000005722046,0,2.38000011444092,0.949999988079071,4.6100001335144,0,38,17,287,692,2158,Tuesday,342,0.17968359700249792,Good Activity,Good Distance
6962181067,2016-04-06,12480,8.85999965667725,8.25,3.97279500961304,4.17999982833862,0.689999997615814,4,0,55,14,276,593,2170,Wednesday,345,0.17387820512820512,Good Activity,Long Distance
6962181067,2016-04-07,13417,9.64999961853027,8.86999988555908,1.92630195617676,3.39000010490417,1.25,4.90999984741211,0.100000001490116,45,16,284,665,2244,Thursday,345,0.16725050309309086,Good Activity,Long Distance
6962181067,2016-04-08,14400,10.8800001144409,9.52000045776367,5.45686388015747,2.47000002861023,2.88000011444092,5.53000020980835,0,27,37,276,697,2188,Friday,340,0.15194444444444444,Good Activity,Long Distance
6962181067,2016-04-09,12495,8.26000022888184,8.26000022888184,0,2.21000003814697,1.0900000333786,4.96000003814697,0,33,19,324,609,2231,Saturday,376,0.1785514205682273,Good Activity,Long Distance
6962181067,2016-04-10,10148,6.71000003814697,6.71000003814697,0,1.36000001430511,0.219999998807907,5.13000011444092,0,19,7,306,679,2100,Sunday,332,0.20693732755222705,Good Activity,Good Distance
6962181067,2016-04-11,12362,9.09000015258789,8.17000007629395,2.69645500183105,1.0900000333786,2.73000001907349,5.26999998092651,0,21,38,297,678,2188,Monday,356,0.17699401391360622,Good Activity,Long Distance
6962181067,2016-04-12,5893,3.90000009536743,3.90000009536743,0,2.88000011444092,0.560000002384186,0.46000000834465,0,43,9,48,146,917,Tuesday,100,0.1556083488885118,Moderate Activity,Moderate Distance
7007744171,2016-04-01,11680,9.0600004196167,7.80999994277954,4.901282787323,4.48999977111816,0.330000013113022,4.23999977111816,0,50,7,244,1139,2573,Friday,301,0.22029109589041096,Good Activity,Long Distance
7007744171,2016-04-02,10976,7.34000015258789,7.34000015258789,0,0.550000011920929,0.670000016689301,6.13000011444092,0,9,16,271,1075,2575,Saturday,296,0.2346027696793003,Good Activity,Good Distance
7007744171,2016-04-03,16806,11.2399997711182,11.2399997711182,0,6.40999984741211,1.37000000476837,3.47000002861023,0,104,31,230,1002,3086,Sunday,365,0.18362489587052244,High Activity,Long Distance
7007744171,2016-04-04,15266,11.3999996185303,10.210000038147,5.18984985351563,5.80000019073486,0.759999990463257,4.78999996185303,0.0500000007450581,70,21,292,1057,2886,Monday,383,0.18904755666186296,High Activity,Long Distance
7007744171,2016-04-05,12084,9.14000034332275,8.07999992370605,4.83638000488281,4.3899998664856,0.46000000834465,4.28999996185303,0,50,6,284,1030,2676,Tuesday,340,0.2214498510427011,Good Activity,Long Distance
7007744171,2016-04-06,13513,10.25,9.06999969482422,4.83572006225586,5.34999990463257,0.330000013113022,4.55999994277954,0,64,8,270,1098,2811,Wednesday,342,0.20802190483238364,Good Activity,Long Distance
7007744171,2016-04-07,14100,10.5799999237061,9.43000030517578,4.87598991394043,5.09999990463257,1.19000005722046,4.28000020980835,0,61,33,265,1015,2840,Thursday,359,0.20141843971631207,Good Activity,Long Distance
7007744171,2016-04-08,12627,9.64999961853027,8.44999980926514,4.84231996536255,4.69999980926514,0.740000009536743,4.21000003814697,0,54,22,301,1063,2871,Friday,377,0.22736992159657876,Good Activity,Long Distance
7007744171,2016-04-09,10345,6.92000007629395,6.92000007629395,0,0.0700000002980232,0.270000010728836,6.57999992370605,0,2,6,358,1074,2613,Saturday,366,0.25258579023682937,Good Activity,Good Distance
7007744171,2016-04-10,10146,6.78999996185303,6.78999996185303,0,0.0700000002980232,0.610000014305115,6.1100001335144,0,1,12,397,1030,2700,Sunday,410,0.26611472501478417,Good Activity,Good Distance
7007744171,2016-04-11,12168,8.14000034332275,8.14000034332275,0,1.04999995231628,0.790000021457672,6.28999996185303,0,18,27,375,1020,2871,Monday,420,0.2359467455621302,Good Activity,Long Distance
7007744171,2016-04-12,7413,5.76999998092651,4.96000003814697,4.8697829246521,4.5,0.340000003576279,0.939999997615814,0,53,6,43,405,1023,Tuesday,102,0.13800080938891138,Moderate Activity,Good Distance
7086361926,2016-04-01,11463,7.67000007629395,7.67000007629395,0,2.82999992370605,1.88999998569489,2.9300000667572,0,38,30,154,777,2496,Friday,222,0.2177440460612405,Good Activity,Good Distance
7086361926,2016-04-02,87,0.0199999995529652,0.0199999995529652,0,0,0,0.00999999977648258,0,0,0,2,872,1641,Saturday,2,18.862068965517242,Low Activity,Short Distance
7086361926,2016-04-03,1949,1.30999994277954,1.30999994277954,0,0.230000004172325,0.349999994039536,0.730000019073486,0,3,6,27,1404,1794,Sunday,36,0.9204720369420215,Low Activity,Short Distance
7086361926,2016-04-04,6101,3.86999988555908,3.86999988555908,0,0.529999971389771,0.230000004172325,3.09999990463257,0,31,24,138,1247,2421,Monday,193,0.39682019341091623,Moderate Activity,Moderate Distance
7086361926,2016-04-05,7478,4.98999977111816,4.98999977111816,0,1.79999995231628,0.529999971389771,2.60999989509583,0.0299999993294477,25,33,132,1159,2439,Tuesday,190,0.3261567263974325,Moderate Activity,Moderate Distance
7086361926,2016-04-06,7352,4.73000001907349,4.73000001907349,0,1.4099999666214,0.779999971389771,2.52999997138977,0,19,14,124,814,2233,Wednesday,157,0.30372687704026113,Moderate Activity,Moderate Distance
7086361926,2016-04-07,14604,10.8199996948242,10.8199996948242,0,7.23000001907349,1.12000000476837,2.4300000667572,0.0299999993294477,76,30,127,695,2862,Thursday,233,0.19597370583401807,Good Activity,Long Distance
7086361926,2016-04-08,9634,6.51999998092651,6.51999998092651,0,2.5,1.39999997615814,2.58999991416931,0,50,48,140,797,2752,Friday,238,0.2856549719742578,Moderate Activity,Good Distance
7086361926,2016-04-09,7338,4.67000007629395,4.67000007629395,0,1.08000004291534,0.129999995231628,3.46000003814697,0,27,5,204,717,2519,Saturday,236,0.3432815481057509,Moderate Activity,Moderate Distance
7086361926,2016-04-10,569,0.349999994039536,0.349999994039536,0,0,0,0.340000003576279,0,0,0,27,1368,1799,Sunday,27,3.161687170474517,Low Activity,Short Distance
7086361926,2016-04-11,6242,3.92000007629395,3.92000007629395,0,0.740000009536743,0.230000004172325,2.9300000667572,0,46,22,126,741,2543,Monday,194,0.4074014738865748,Moderate Activity,Moderate Distance
7086361926,2016-04-12,430,0.259999990463257,0.259999990463257,0,0,0,0.259999990463257,0,0,0,14,75,625,Tuesday,14,1.4534883720930232,Low Activity,Short Distance
8053475328,2016-04-02,20188,15.6199998855591,15.6199998855591,0,12.0600004196167,0.850000023841858,2.71000003814697,0,124,19,172,1125,3377,Saturday,315,0.16727759064790965,High Activity,Long Distance
8053475328,2016-04-03,25701,20.1399993896484,20.1399993896484,0,16.8199996948242,1.62999999523163,1.69000005722046,0,165,36,97,1142,3697,Sunday,298,0.14384654293607252,High Activity,Long Distance
8053475328,2016-04-04,17395,13.210000038147,13.210000038147,0,9.67000007629395,0.180000007152557,3.34999990463257,0,100,4,213,1123,3209,Monday,317,0.18447829836159815,High Activity,Long Distance
8053475328,2016-04-05,17167,13.4099998474121,13.4099998474121,0,9.96000003814697,0.310000002384186,3.14000010490417,0,98,8,184,1150,3167,Tuesday,290,0.18448185472126755,High Activity,Long Distance
8053475328,2016-04-06,16435,12.4200000762939,12.4200000762939,0,8.96000003814697,0.550000011920929,2.91000008583069,0,100,14,191,1135,3122,Wednesday,305,0.18996045025859445,High Activity,Long Distance
8053475328,2016-04-07,17078,13.1999998092651,13.1999998092651,0,9.97000026702881,0.239999994635582,2.99000000953674,0,101,6,190,1143,3176,Thursday,297,0.18597025412811805,High Activity,Long Distance
8053475328,2016-04-08,11693,9.53999996185303,9.53999996185303,0,6.76999998092651,0.259999990463257,2.5,0,60,6,153,1221,2790,Friday,219,0.23860429316685197,Good Activity,Long Distance
8053475328,2016-04-09,11159,9.14000034332275,9.14000034332275,0,6.69000005722046,0.25,2.19000005722046,0,59,6,120,1255,2715,Saturday,185,0.24330137109059952,Good Activity,Long Distance
8053475328,2016-04-10,10118,7.73000001907349,7.73000001907349,0,3.04999995231628,0.800000011920929,3.88000011444092,0,30,18,207,1185,2684,Sunday,255,0.2652698161692034,Good Activity,Good Distance
8053475328,2016-04-11,16064,12.7200002670288,12.7200002670288,0,9.97999954223633,0.360000014305115,2.38000011444092,0,96,8,155,1181,3097,Monday,259,0.1927913346613546,High Activity,Long Distance
8053475328,2016-04-12,290,0.209999993443489,0.209999993443489,0,0,0,0.209999993443489,0,0,0,16,599,791,Tuesday,16,2.7275862068965515,Low Activity,Short Distance
8253242879,2016-04-01,0,0,0,0,0,0,0,0,0,0,0,1440,1429,Friday,0,0,Low Activity,Short Distance
8253242879,2016-04-02,0,0,0,0,0,0,0,0,0,0,0,1440,1429,Saturday,0,0,Low Activity,Short Distance
8253242879,2016-04-03,0,0,0,0,0,0,0,0,0,0,0,1440,1429,Sunday,0,0,Low Activity,Short Distance
8253242879,2016-04-04,0,0,0,0,0,0,0,0,0,0,0,1440,1429,Monday,0,0,Low Activity,Short Distance
8253242879,2016-04-05,0,0,0,0,0,0,0,0,0,0,0,1440,1429,Tuesday,0,0,Low Activity,Short Distance
8253242879,2016-04-06,1931,1.27999997138977,1.27999997138977,0,0,0,1.27999997138977,0,0,0,94,1346,1607,Wednesday,94,0.8322112894873123,Low Activity,Short Distance
8253242879,2016-04-07,5181,3.42000007629395,3.42000007629395,0,1,0.910000026226044,1.50999999046326,0.00999999977648258,15,15,107,1303,1776,Thursday,137,0.34279096699478867,Moderate Activity,Moderate Distance
8253242879,2016-04-08,12026,9.14999961853027,9.14999961853027,0,5.69999980926514,0.930000007152557,2.50999999046326,0,47,13,150,1230,2162,Friday,210,0.1797771495093963,Good Activity,Long Distance
8253242879,2016-04-09,5360,3.53999996185303,3.53999996185303,0,0.540000021457672,1.54999995231628,1.46000003814697,0,8,28,148,1256,1832,Saturday,184,0.3417910447761194,Moderate Activity,Moderate Distance
8253242879,2016-04-10,2545,1.67999994754791,1.67999994754791,0,0,0,1.66999995708466,0.0199999995529652,0,0,126,1314,1657,Sunday,126,0.6510805500982318,Low Activity,Short Distance
8253242879,2016-04-11,1636,1.08000004291534,1.08000004291534,0,0,0,1.08000004291534,0,0,0,86,1139,1377,Monday,86,0.8416870415647921,Low Activity,Short Distance
8378563200,2016-04-01,14179,11.2399997711182,11.2399997711182,0,6.23000001907349,1.05999994277954,3.96000003814697,0,73,21,195,719,3669,Friday,289,0.25876295930601595,Good Activity,Long Distance
8378563200,2016-04-02,3358,2.66000008583069,2.66000008583069,0,0,0,2.66000008583069,0,0,0,144,657,2702,Saturday,144,0.8046456223942823,Low Activity,Moderate Distance
8378563200,2016-04-03,9152,7.26000022888184,7.26000022888184,0,1.99000000953674,0.819999992847443,4.44999980926514,0,25,13,243,600,3304,Sunday,281,0.361013986013986,Moderate Activity,Good Distance
8378563200,2016-04-04,13935,11.0500001907349,11.0500001907349,2.0921471118927,4.09000015258789,0.790000021457672,6.17000007629395,0,105,16,220,658,4234,Monday,341,0.30383925367778974,Good Activity,Long Distance
8378563200,2016-04-05,12846,10.1899995803833,10.1899995803833,2.25308108329773,5,0.75,4.44000005722046,0,113,15,189,686,4128,Tuesday,317,0.321345165810369,Good Activity,Long Distance
8378563200,2016-04-06,9124,7.23999977111816,7.23999977111816,2.0921471118927,0,0.25,6.98999977111816,0,55,6,230,728,3798,Wednesday,291,0.416264796142043,Moderate Activity,Good Distance
8378563200,2016-04-07,9725,7.71000003814697,7.71000003814697,2.25308108329773,2.41000008583069,0.529999971389771,4.76999998092651,0,83,11,181,670,3839,Thursday,275,0.39475578406169665,Moderate Activity,Good Distance
8378563200,2016-04-08,8350,6.61999988555908,6.61999988555908,2.0921471118927,1.49000000953674,0.529999971389771,4.6100001335144,0,72,10,167,868,3713,Friday,249,0.4446706586826347,Moderate Activity,Good Distance
8378563200,2016-04-09,2240,1.77999997138977,1.77999997138977,0,0,0,1.77999997138977,0,0,0,110,843,2606,Saturday,110,1.1633928571428571,Low Activity,Short Distance
8378563200,2016-04-10,2631,2.08999991416931,2.08999991416931,0,0,0,2.08999991416931,0,0,0,117,727,2624,Sunday,117,0.9973394146712277,Low Activity,Moderate Distance
8378563200,2016-04-11,8837,7.01000022888184,7.01000022888184,2.0921471118927,1.53999996185303,0.879999995231628,4.59000015258789,0,74,17,182,811,3775,Monday,273,0.427181170080344,Moderate Activity,Good Distance
8378563200,2016-04-12,3246,2.5699999332428,2.5699999332428,2.25308108329773,0.829999983310699,0.709999978542328,1.02999997138977,0,65,15,49,243,1882,Tuesday,129,0.5797905113986445,Low Activity,Moderate Distance
8583815059,2016-04-01,2174,1.70000004768372,1.70000004768372,0,0,0,1.70000004768372,0,0,0,112,1328,2360,Friday,112,1.0855565777368905,Low Activity,Short Distance
8583815059,2016-04-02,3494,2.73000001907349,2.73000001907349,0,0,0,2.69000005722046,0,0,0,166,1274,2517,Saturday,166,0.7203777904979966,Low Activity,Moderate Distance
8583815059,2016-04-03,2380,1.86000001430511,1.86000001430511,0,0,0,1.86000001430511,0,0,0,131,1309,2400,Sunday,131,1.0084033613445378,Low Activity,Short Distance
8583815059,2016-04-04,3159,2.46000003814697,2.46000003814697,0,0,0,2.46000003814697,0,0,0,147,1293,2462,Monday,147,0.779360557138335,Low Activity,Moderate Distance
8583815059,2016-04-05,6835,5.32999992370605,5.32999992370605,0,0.370000004768372,0.730000019073486,4.23999977111816,0,5,15,212,1208,2786,Tuesday,232,0.40760790051207024,Moderate Activity,Good Distance
8583815059,2016-04-06,2098,1.63999998569489,1.63999998569489,0,0,0,1.62999999523163,0,0,0,112,1328,2354,Wednesday,112,1.1220209723546235,Low Activity,Short Distance
8583815059,2016-04-07,2816,2.20000004768372,2.20000004768372,0,0,0,2.20000004768372,0,0,0,138,1302,2437,Thursday,138,0.8654119318181818,Low Activity,Moderate Distance
8583815059,2016-04-08,1408,1.10000002384186,1.10000002384186,0,0,0,1.10000002384186,0,0,0,79,1052,1814,Friday,79,1.2883522727272727,Low Activity,Short Distance
8792009665,2016-04-01,4592,2.94000005722046,2.94000005722046,0,0.100000001490116,0.140000000596046,2.70000004768372,0,4,8,176,748,2260,Friday,188,0.4921602787456446,Low Activity,Moderate Distance
8792009665,2016-04-02,8452,5.40999984741211,5.40999984741211,0,0.259999990463257,0.389999985694885,4.76000022888184,0,9,24,328,1079,3004,Saturday,361,0.35541883577851396,Moderate Activity,Good Distance
8792009665,2016-04-03,7238,4.63000011444092,4.63000011444092,0,0.109999999403954,0.230000004172325,4.28999996185303,0,2,6,279,636,2667,Sunday,287,0.36847195357833656,Moderate Activity,Moderate Distance
8792009665,2016-04-04,3821,2.45000004768372,2.45000004768372,0,0,0.219999998807907,2.23000001907349,0,0,9,161,675,2229,Monday,170,0.5833551426328186,Low Activity,Moderate Distance
8792009665,2016-04-05,2332,1.49000000953674,1.49000000953674,0,0.00999999977648258,0.180000007152557,1.29999995231628,0,1,10,111,904,2100,Tuesday,122,0.9005145797598628,Low Activity,Short Distance
8792009665,2016-04-06,2121,1.36000001430511,1.36000001430511,0,0,0,1.36000001430511,0,0,0,122,855,2114,Wednesday,122,0.9966996699669967,Low Activity,Short Distance
8792009665,2016-04-07,1291,0.829999983310699,0.829999983310699,0,0,0,0.829999983310699,0,0,0,77,888,1961,Thursday,77,1.5189775367931835,Low Activity,Short Distance
8792009665,2016-04-08,1467,0.939999997615814,0.939999997615814,0,0.100000001490116,0.209999993443489,0.629999995231628,0,2,8,71,912,1953,Friday,81,1.3312883435582823,Low Activity,Short Distance
8792009665,2016-04-09,1022,0.649999976158142,0.649999976158142,0,0,0,0.649999976158142,0,0,0,63,739,1890,Saturday,63,1.8493150684931507,Low Activity,Short Distance
8792009665,2016-04-10,4605,2.95000004768372,2.95000004768372,0,0,0,2.95000004768372,0,0,0,179,1261,2253,Sunday,179,0.48925081433224754,Low Activity,Moderate Distance
8792009665,2016-04-11,178,0.109999999403954,0.109999999403954,0,0,0,0.109999999403954,0,0,0,12,1428,1725,Monday,12,9.691011235955056,Low Activity,Short Distance
8792009665,2016-04-12,20,0.00999999977648258,0.00999999977648258,0,0,0,0.00999999977648258,0,0,0,6,598,728,Tuesday,6,36.4,Low Activity,Short Distance
8877689391,2016-04-01,18700,15.8199996948242,15.8199996948242,0,8.69999980926514,0.159999996423721,6.90999984741211,0,67,3,247,1123,3527,Friday,317,0.1886096256684492,High Activity,Long Distance
8877689391,2016-04-02,27572,23.3899993896484,23.3899993896484,0,14.7200002670288,1.21000003814697,7.34000015258789,0.00999999977648258,116,24,260,1040,4220,Saturday,400,0.15305382271870013,High Activity,Long Distance
8877689391,2016-04-03,15260,8.1899995803833,8.1899995803833,0,1.79999995231628,0.75,5.57000017166138,0,106,17,259,1058,3864,Sunday,382,0.25321100917431194,High Activity,Long Distance
8877689391,2016-04-04,20779,18.4099998474121,18.4099998474121,0,11.7299995422363,0.649999976158142,6,0,78,16,208,1138,3662,Monday,302,0.1762356225034891,High Activity,Long Distance
8877689391,2016-04-05,10695,8.11999988555908,8.11999988555908,0,0.769999980926514,0.180000007152557,7.09000015258789,0.00999999977648258,10,3,246,1181,2834,Tuesday,259,0.26498363721365126,Good Activity,Long Distance
8877689391,2016-04-06,24136,20.9099998474121,20.9099998474121,0,12.2200002670288,0.540000021457672,8.07999992370605,0,87,16,318,1019,4039,Wednesday,421,0.16734338747099767,High Activity,Long Distance
8877689391,2016-04-07,10910,8.42000007629395,8.42000007629395,0,2.96000003814697,0.389999985694885,5.03000020980835,0,32,11,212,1185,2947,Thursday,255,0.2701191567369386,Good Activity,Long Distance
8877689391,2016-04-08,23014,20.3899993896484,20.3899993896484,0,11.1000003814697,0.629999995231628,8.61999988555908,0,70,29,359,982,4196,Friday,458,0.18232380290258104,High Activity,Long Distance
8877689391,2016-04-09,16470,8.06999969482422,8.06999969482422,0,0,0.0199999995529652,8.02000045776367,0,90,9,289,1052,3841,Saturday,388,0.2332119004250152,High Activity,Long Distance
8877689391,2016-04-10,28497,27.5300006866455,27.5300006866455,0,21.9200000762939,1.12000000476837,4.46000003814697,0,128,46,211,1055,4526,Sunday,385,0.15882373583184195,High Activity,Long Distance
8877689391,2016-04-11,10622,8.0600004196167,8.0600004196167,0,1.47000002861023,0.150000005960464,6.36999988555908,0.00999999977648258,18,7,225,1190,2820,Monday,250,0.26548672566371684,Good Activity,Long Distance
8877689391,2016-04-12,2350,1.77999997138977,1.77999997138977,0,0,0,1.77999997138977,0,0,0,58,531,938,Tuesday,58,0.39914893617021274,Low Activity,Short Distance
